1.1292, 275.50
1.1128, 260.43
0.79950, 99.428
0.82812, -1.4565
2.5136, 276.94
2.7725, 260.73
2.5979, 100.08
2.4875, -1.4545
2.7204, 212.81
2.7185, 211.03
2.7146, 207.46
3.8985, 278.88
3.5573, 219.36
3.2781, 216.98
3.2762, 215.20
4.4330, 261.72
4.1153, 223.83
3.8364, 221.74
4.2584, 101.07
4.1470, -1.4526
4.3954, 227.10
4.3934, 225.31
5.5605, 281.26
4.9530, 231.27
4.9511, 229.48
6.0934, 262.62
5.5101, 234.84
5.5081, 233.05
6.0572, 102.11
5.8064, -1.4506
6.0671, 238.41
6.0651, 236.63
6.9456, 283.35
6.9005, 241.83
6.6218, 239.90
7.7543, 264.01
7.1792, 243.77
7.5792, 102.86
7.4658, -1.4487
8.0539, 285.14
7.7356, 246.75
8.2919, 249.72
9.4390, 287.22
8.8616, 264.90
8.8483, 252.70
9.2395, 103.70
9.1252, -1.4468
10.271, 289.30
9.9598, 257.46
10.515, 259.55
10.900, 104.26
10.785, -1.4448
11.379, 291.39
12.655, 294.01
12.183, 267.58
12.560, 105.10
12.444, -1.4429
13.598, 296.45
14.153, 298.53
14.358, 105.69
14.103, -1.4409
16.018, 106.29
15.763, -1.4390
17.540, 106.89
17.422, -1.4371
19.200, 107.48
19.082, -1.4351
20.511, 295.57
20.502, 287.23
20.860, 107.64
20.741, -1.4332
21.090, 319.97
21.088, 317.59
21.086, 315.80
21.651, 327.11
21.649, 325.33
21.647, 323.54
22.488, 333.06
22.208, 330.09
22.520, 108.08
22.401, -1.4312
23.139, 338.72
22.767, 336.04
23.326, 341.40
24.162, 346.61
23.883, 344.38
24.180, 108.68
24.060, -1.4293
24.440, 348.54
25.275, 353.45
24.997, 351.52
25.832, 357.03
25.554, 355.09
25.839, 108.88
25.719, -1.4273
26.111, 358.66
26.944, 361.94
26.665, 360.15
27.499, 364.02
27.499, 109.28
27.379, -1.4254
28.055, 366.70
28.611, 368.49
28.337, 116.87
29.166, 370.42
29.297, 109.28
29.038, -1.4235
29.721, 372.50
29.445, 118.36
30.276, 374.44
30.831, 376.08
30.553, 119.85
30.680, 109.58
30.698, -1.4215
31.387, 378.01
31.942, 379.80
31.661, 121.34
32.497, 381.58
32.478, 109.88
32.357, -1.4196
33.052, 383.52
33.045, 122.78
33.700, 385.75
33.877, 124.46
34.137, 109.88
34.016, -1.4176
34.624, 388.23
35.272, 390.37
35.077, 126.35
35.827, 392.15
35.797, 109.88
35.676, -1.4157
36.383, 394.39
36.370, 128.34
37.630, 397.07
37.294, 130.52
37.567, 109.89
37.335, -1.4138
38.601, 399.45
38.310, 132.21
39.142, 134.29
39.116, 109.89
38.995, -1.4118
39.709, 401.23
40.356, 403.12
39.974, 136.38
40.806, 138.46
40.775, 109.89
40.654, -1.4099
41.649, 405.30
41.638, 140.39
42.758, 407.39
42.193, 142.18
42.324, 109.89
42.313, -1.4079
42.748, 143.97
43.682, 409.67
43.303, 145.75
43.858, 147.69
44.094, 109.89
43.973, -1.4060
44.975, 411.66
44.414, 149.62
44.969, 152.01
46.084, 414.04
45.525, 154.24
45.753, 109.90
45.632, -1.4041
45.804, 156.32
47.008, 416.22
46.359, 158.70
46.918, 163.46
47.413, 109.90
47.292, -1.4021
48.301, 418.41
49.225, 420.39
49.072, 109.90
48.951, -1.4002
50.241, 422.38
50.731, 109.80
50.611, -1.3982
51.626, 424.36
52.458, 426.25
52.390, 109.51
52.270, -1.3963
53.659, 428.13
54.050, 109.31
53.929, -1.3944
54.767, 429.92
55.875, 431.71
55.709, 109.11
55.589, -1.3924
56.983, 433.49
57.368, 108.72
57.248, -1.3905
58.000, 435.48
59.200, 437.07
59.027, 108.42
58.908, -1.3885
60.492, 438.85
60.382, 337.13
60.380, 335.09
60.378, 333.31
60.376, 331.52
60.374, 329.74
60.372, 327.95
60.231, 325.97
60.944, 345.16
60.941, 343.03
61.077, 341.00
60.661, 339.36
60.920, 323.44
60.918, 321.21
60.916, 319.42
60.686, 107.93
60.567, -1.3866
61.601, 440.84
61.612, 349.78
61.499, 347.40
61.190, 317.34
61.326, 315.25
62.059, 353.79
62.058, 352.31
61.739, 313.47
61.875, 311.24
61.368, 226.57
61.364, 223.00
62.728, 358.11
62.338, 356.03
62.051, 346.21
62.288, 309.60
62.424, 307.52
61.933, 237.88
61.931, 235.50
62.344, 107.14
62.226, -1.3846
62.986, 442.78
63.284, 361.09
63.113, 305.34
62.494, 244.43
62.492, 242.64
63.840, 363.94
63.387, 303.35
63.662, 302.01
63.051, 248.60
64.370, 444.41
64.286, 366.89
63.937, 300.38
64.213, 299.34
64.003, 106.74
63.886, -1.3827
64.953, 369.72
64.488, 297.70
65.537, 372.32
65.130, 295.42
65.755, 446.35
66.092, 374.33
65.865, 292.72
65.662, 105.75
65.545, -1.3808
66.647, 376.57
66.415, 290.26
67.140, 447.99
67.203, 378.50
67.758, 380.44
67.243, 287.88
66.768, 105.46
67.205, -1.3788
68.313, 382.52
67.794, 286.10
68.801, 449.78
68.731, 384.70
68.345, 284.31
69.286, 386.69
68.896, 282.38
68.864, -1.3769
69.841, 388.47
69.723, 280.35
70.186, 451.41
70.396, 390.26
69.998, 278.66
69.896, 269.83
70.951, 392.14
70.636, 102.39
70.524, -1.3749
71.571, 453.05
71.506, 393.93
71.102, 276.73
72.061, 395.72
71.443, 335.50
72.616, 397.50
71.999, 338.48
71.998, 336.99
72.183, -1.3730
73.232, 454.84
73.172, 399.39
72.562, 347.41
72.560, 345.62
72.558, 343.84
72.481, 273.31
73.865, 401.27
73.400, 354.85
73.121, 352.77
73.119, 351.28
74.282, 403.36
73.961, 361.99
73.682, 359.91
73.680, 358.12
73.678, 356.34
73.842, -1.3711
74.893, 456.43
74.520, 367.35
75.391, 405.67
74.798, 368.84
74.689, 268.25
75.357, 374.79
75.356, 373.30
75.533, 281.49
75.502, -1.3691
76.554, 458.02
76.500, 408.57
76.641, 282.98
77.333, 410.80
77.472, 284.72
77.161, -1.3672
78.215, 459.61
78.164, 412.29
78.152, 401.58
78.151, 400.09
78.088, 342.06
78.086, 340.27
78.084, 338.49
78.082, 336.70
78.080, 334.92
78.078, 333.13
78.076, 331.64
78.304, 286.41
78.893, 404.95
78.654, 354.56
78.652, 352.77
78.649, 349.80
78.821, -1.3652
79.876, 460.90
79.264, 406.93
79.215, 361.11
79.213, 359.32
79.211, 357.83
79.504, 288.29
79.820, 409.61
79.771, 364.08
79.769, 362.59
80.377, 413.19
80.520, 290.28
80.480, -1.3633
81.537, 462.19
81.212, 417.50
81.721, 292.46
82.139, -1.3614
83.197, 462.99
83.014, 294.65
83.938, 296.63
83.799, -1.3594
84.858, 463.88
85.231, 298.62
85.458, -1.3575
86.241, 464.08
86.155, 300.80
87.448, 302.98
87.118, -1.3555
88.280, 304.87
88.777, -1.3536
89.666, 307.15
90.774, 309.34
90.436, -1.3517
91.606, 311.42
92.096, -1.3497
92.991, 313.51
94.100, 315.89
93.755, -1.3478
95.209, 318.27
95.415, -1.3458
96.318, 320.65
97.427, 323.03
97.074, -1.3439
98.536, 325.42
98.734, -1.3419
99.644, 327.80
100.75, 330.18
100.39, -1.3400
101.86, 332.56
102.05, -1.3381
102.79, 334.75
103.80, 336.73
103.71, -1.3361
105.19, 339.31
104.55, 260.55
104.55, 258.76
104.55, 256.98
104.54, 255.19
104.54, 253.70
105.39, 271.56
105.11, 269.48
105.11, 267.69
105.11, 265.91
105.11, 264.42
105.37, -1.3342
106.02, 341.20
105.68, 278.40
105.67, 276.62
105.67, 274.83
105.67, 273.05
106.58, 344.32
106.51, 285.40
106.23, 283.17
106.23, 281.38
106.23, 279.89
107.41, 346.26
107.07, 291.35
106.79, 289.12
106.79, 287.33
107.03, -1.3322
107.63, 295.52
107.35, 293.29
108.24, 348.19
107.91, 299.24
107.91, 297.45
109.07, 350.43
108.75, 304.75
108.47, 302.81
108.47, 301.32
108.69, -1.3303
109.03, 308.17
109.02, 306.38
108.92, 214.13
108.92, 212.34
108.92, 210.56
109.90, 352.51
109.58, 311.74
109.58, 309.95
110.46, 354.45
110.42, 315.61
110.14, 313.82
110.35, -1.3284
111.11, 356.78
110.97, 319.03
110.70, 317.10
111.62, 322.85
111.25, 320.67
112.22, 360.25
111.85, 358.46
112.09, 325.88
112.01, -1.3264
112.65, 329.75
112.37, 327.81
113.24, 363.67
112.96, 362.04
113.29, 331.78
112.84, 253.42
113.79, 365.61
113.85, 334.66
113.41, 267.70
113.41, 265.91
113.40, 263.53
113.40, 259.96
113.88, 61.766
113.67, -1.3245
114.35, 367.84
114.31, 337.49
113.97, 275.74
113.97, 271.87
113.96, 270.08
114.90, 369.78
114.87, 339.42
114.53, 281.99
115.55, 372.16
115.42, 341.80
115.09, 285.26
115.27, 200.15
114.99, 197.47
115.29, 62.839
115.33, -1.3225
116.10, 450.72
116.11, 375.23
115.98, 344.33
115.65, 290.92
115.55, 202.23
116.48, 380.69
116.54, 346.27
117.48, 452.81
116.85, 383.17
117.09, 348.35
116.92, 63.852
116.99, -1.3206
117.41, 384.96
117.65, 350.59
117.96, 389.12
118.20, 352.67
119.14, 455.19
118.52, 393.89
118.76, 354.75
118.72, 64.648
118.65, -1.3187
119.08, 396.86
119.31, 356.69
119.64, 401.63
119.87, 358.92
120.80, 456.78
120.19, 405.20
120.19, 403.71
120.42, 360.56
120.38, 64.749
120.31, -1.3167
120.75, 409.36
120.98, 362.34
121.53, 364.28
122.46, 457.77
122.18, 366.31
122.04, 64.652
121.97, -1.3148
123.29, 369.89
122.92, 368.00
123.80, 499.44
124.13, 458.97
123.62, -1.3128
124.44, 497.46
124.44, 495.97
124.31, 372.62
124.03, 370.98
124.86, 374.40
125.27, 494.18
125.79, 460.06
125.51, 376.34
125.28, -1.3109
126.80, 379.61
126.25, 377.53
127.45, 461.15
126.94, -1.3090
127.64, 381.55
128.28, 383.58
129.11, 462.25
128.60, -1.3070
129.30, 385.86
128.69, 79.639
130.15, 407.59
129.95, 387.75
130.77, 463.44
130.26, -1.3051
130.96, 390.03
131.91, 499.85
131.81, 407.59
131.80, 392.12
132.43, 464.33
131.92, -1.3031
132.74, 497.76
132.74, 495.98
132.91, 394.50
133.47, 408.09
133.84, 493.90
134.09, 465.43
133.74, 396.58
133.58, -1.3012
134.57, 398.59
134.67, 492.11
134.58, 408.19
135.75, 466.42
135.68, 401.05
135.24, -1.2993
136.79, 403.43
137.41, 467.41
136.90, -1.2973
137.71, 405.61
138.54, 492.61
139.07, 468.41
139.12, 408.43
138.45, 406.71
138.03, 16.857
138.56, -1.2954
139.37, 494.20
140.73, 469.40
140.67, 410.58
140.66, 408.94
139.79, 114.77
140.22, -1.2934
140.42, 10.412
141.78, 412.96
141.06, 8.5282
142.42, 493.68
142.39, 470.30
142.32, 409.09
141.61, 7.0408
141.88, -1.2915
142.98, 499.86
142.42, 498.37
142.88, 415.14
142.44, 4.8594
142.62, 2.6773
144.05, 471.39
143.72, 416.83
143.98, 409.09
143.54, 0.49602
143.54, -1.1903
145.10, 419.11
145.71, 472.28
145.64, 409.29
145.20, -1.1884
146.30, 500.26
146.29, 492.92
146.21, 421.10
146.97, 486.84
146.82, 477.94
146.84, 496.29
147.37, 473.08
147.32, 422.89
147.30, 409.59
146.86, -1.2857
147.95, 500.26
147.95, 493.52
147.34, 105.06
146.97, 102.28
147.94, 487.96
147.94, 486.47
148.43, 424.87
149.03, 474.17
148.96, 409.69
148.27, 107.34
148.52, -1.2837
149.06, 500.46
149.06, 494.81
148.91, 109.42
149.81, 426.96
149.47, 111.36
150.69, 474.97
150.62, 409.70
150.02, 113.14
150.18, -1.2818
151.20, 429.04
150.88, 137.60
150.74, 135.61
150.30, 114.78
151.43, 133.63
150.87, 132.93
152.37, 494.96
152.35, 475.96
152.28, 409.80
151.61, 131.05
151.83, -1.2798
152.58, 431.13
152.25, 129.36
152.39, 127.43
153.08, 125.05
153.08, 122.92
153.07, 121.13
153.76, 495.11
153.48, 493.62
154.01, 476.76
153.97, 433.21
153.94, 410.10
153.76, 118.80
153.62, 116.77
153.49, -1.1787
154.04, 114.64
154.72, 111.96
154.17, 110.92
155.69, 489.76
155.67, 477.75
155.35, 435.00
155.60, 410.50
155.00, 109.43
155.13, 107.35
155.15, -1.2760
156.13, 493.80
155.68, 105.26
156.74, 436.78
156.10, 103.48
156.37, 101.69
157.35, 489.76
157.33, 478.55
157.26, 410.99
156.81, 98.718
156.61, 61.965
156.81, -1.2740
157.89, 483.81
157.47, 96.139
157.47, 94.453
157.44, 64.197
158.26, 438.72
157.79, 133.54
157.88, 92.321
158.46, 495.12
159.01, 490.16
158.99, 479.44
158.92, 411.49
158.57, 89.941
158.55, 66.580
158.47, -1.2721
159.12, 87.412
159.78, 440.66
159.53, 85.032
159.38, 68.812
160.67, 491.15
160.66, 480.24
160.58, 411.79
159.95, 83.246
160.13, -1.2701
161.17, 442.44
160.77, 80.867
161.32, 78.090
162.22, 492.08
162.32, 481.13
162.24, 412.39
161.53, 271.33
161.53, 268.95
161.52, 262.40
161.32, 76.999
161.79, -1.2682
162.83, 444.53
162.06, 249.90
162.06, 246.93
162.06, 243.95
162.06, 242.16
162.05, 240.38
162.05, 237.40
162.49, 131.06
162.06, 75.115
162.61, 73.330
163.98, 481.83
163.90, 412.79
163.25, 71.644
163.53, 69.859
163.45, -1.2663
164.49, 446.32
163.60, 137.41
164.08, 67.975
165.64, 482.62
165.56, 413.09
165.25, 129.58
164.81, 65.595
165.11, -1.2643
166.15, 448.10
165.36, 63.612
166.76, 500.38
166.75, 492.84
166.01, 61.976
167.30, 483.42
167.22, 413.58
166.91, 128.79
166.56, 60.042
166.77, -1.2624
167.85, 488.48
167.81, 449.89
167.11, 58.406
168.14, 500.33
168.41, 493.54
168.96, 484.02
168.88, 414.08
168.29, 128.19
167.94, 56.175
168.43, -1.2604
169.47, 451.38
168.67, 53.894
169.32, 52.308
170.62, 484.81
170.54, 414.28
169.87, 50.671
170.09, -1.2585
171.14, 453.07
171.74, 500.19
171.73, 493.57
170.97, 48.143
172.28, 485.31
172.20, 414.78
171.75, -1.2566
172.80, 454.46
171.80, 46.061
173.94, 486.11
173.86, 415.08
173.41, -1.2546
174.46, 455.85
175.60, 491.07
175.60, 486.60
175.52, 415.38
175.07, -1.2527
176.29, 492.68
176.12, 457.24
177.26, 487.40
177.18, 415.88
176.28, 94.574
176.73, -1.2507
177.26, 494.24
177.78, 458.43
178.92, 488.00
178.84, 416.28
178.39, -1.2488
179.44, 459.63
180.58, 488.49
180.50, 416.58
180.04, -1.2468
181.13, 492.36
181.10, 460.72
181.03, 138.47
182.24, 493.66
182.24, 488.99
182.16, 417.07
181.48, 135.85
181.70, -1.2449
182.94, 495.66
182.76, 462.01
182.13, 134.16
182.03, 132.08
183.49, 497.53
182.68, 130.29
182.68, 128.66
184.05, 499.61
183.90, 489.39
183.82, 417.37
183.32, 126.52
183.50, 124.79
183.36, -1.2430
184.42, 463.01
184.27, 198.52
184.13, 196.06
184.13, 193.98
184.13, 192.19
184.13, 190.41
184.12, 188.62
184.12, 186.84
184.12, 185.05
184.12, 183.27
184.12, 181.48
184.11, 179.70
184.11, 177.91
184.11, 176.12
184.11, 174.78
183.78, 123.15
183.50, 122.26
184.81, 211.24
184.70, 208.86
184.70, 207.07
184.69, 205.29
184.69, 203.50
184.69, 201.72
184.69, 200.23
184.66, 173.15
184.66, 171.36
184.66, 169.58
184.65, 167.79
184.65, 166.45
184.33, 120.47
184.60, 118.69
185.56, 489.99
185.48, 417.77
185.26, 220.62
185.26, 218.58
185.26, 216.80
185.26, 215.01
185.26, 213.62
185.20, 164.82
185.20, 163.03
185.06, 161.10
184.87, 116.61
185.02, -1.2410
186.08, 464.10
185.82, 226.87
185.82, 224.73
185.82, 223.05
185.24, 198.15
185.24, 196.36
185.57, 158.67
185.75, 156.68
185.75, 154.90
185.74, 153.66
185.43, 114.82
185.42, 113.18
186.49, 233.27
186.38, 230.88
186.38, 229.30
186.30, 151.72
186.29, 149.94
186.29, 148.15
185.97, 110.80
187.22, 490.49
187.14, 418.27
187.05, 238.98
186.94, 236.64
186.94, 235.35
186.98, 146.37
186.53, 108.72
186.68, -1.2391
187.74, 464.89
187.64, 245.32
187.50, 243.19
187.50, 241.40
187.39, 143.79
187.39, 142.00
187.08, 106.49
186.80, 105.60
188.17, 250.77
188.06, 248.34
188.06, 246.81
187.94, 139.82
187.66, 138.48
187.63, 103.81
187.62, 102.18
188.88, 490.89
188.80, 418.37
188.76, 255.44
188.62, 253.31
188.49, 136.62
188.18, 100.84
188.34, -1.2371
189.40, 465.89
189.29, 260.65
189.18, 258.27
188.62, 257.08
189.85, 265.41
189.74, 263.23
189.32, 134.76
189.59, 132.98
190.54, 491.48
190.46, 418.87
190.29, 268.53
190.14, -0.93745
191.06, 466.68
190.96, 271.12
190.70, 130.30
191.55, 275.68
191.41, 273.55
192.20, 491.78
192.12, 418.97
191.41, 280.29
191.96, 277.32
191.53, 128.37
191.21, 92.211
191.40, 10.224
191.67, 3.3795
191.66, 1.4451
191.52, -0.78703
192.72, 467.68
191.97, 285.65
191.97, 283.27
192.23, 272.11
192.04, 7.8934
191.94, 5.6117
192.81, 291.60
192.53, 288.62
192.88, 275.83
192.51, 273.74
193.86, 492.28
193.78, 419.37
193.37, 296.36
193.09, 293.98
193.62, 278.61
193.32, -1.2313
194.38, 468.37
193.92, 299.19
194.18, 280.29
193.62, 277.02
194.87, 282.30
193.89, 12.459
195.52, 492.78
195.44, 419.57
195.31, 300.53
195.43, 284.39
194.98, -1.2294
196.04, 469.07
195.27, 8.4428
196.51, 286.96
195.91, 6.3108
197.18, 492.98
197.10, 419.87
196.97, 301.62
196.40, 284.76
196.46, 4.1290
196.64, -1.2274
197.70, 469.87
197.62, 289.23
196.77, 120.19
198.06, 291.61
197.20, 2.0467
198.84, 493.38
198.76, 420.17
198.63, 303.02
198.30, -1.1263
199.36, 470.46
199.28, 293.75
200.42, 420.17
200.29, 304.51
200.39, 296.49
199.96, -1.2236
201.02, 471.06
201.39, 299.05
202.08, 420.47
201.95, 305.90
201.62, -1.2216
202.68, 471.76
202.50, 301.43
202.42, 227.03
203.74, 420.67
203.72, 306.85
203.61, 303.59
203.24, 223.76
203.28, -1.1205
204.07, 471.96
204.18, 318.40
204.18, 316.91
204.07, 221.98
204.35, 220.34
205.39, 420.77
205.11, 324.15
204.73, 321.97
204.73, 320.48
205.38, 308.28
205.27, 306.20
204.72, 304.71
204.90, 218.41
204.94, -1.2177
206.00, 472.55
205.29, 326.73
205.45, 216.77
205.49, 4.1396
205.85, 330.30
205.85, 328.52
206.30, 239.69
206.02, 237.16
206.02, 235.37
206.02, 233.59
206.02, 231.95
206.00, 215.13
207.14, 499.74
207.05, 420.87
206.69, 335.66
206.41, 333.28
207.04, 310.25
206.38, 308.28
206.68, 242.41
206.66, 229.92
206.71, 227.19
206.64, 213.25
206.60, -1.2158
207.24, 338.64
207.12, 225.25
207.39, 223.67
207.16, 6.5223
207.80, 341.32
207.41, 243.71
207.94, 221.39
207.66, 211.57
208.80, 500.23
208.71, 421.07
208.45, 344.99
208.08, 342.80
208.60, 311.86
208.25, -1.2139
209.00, 347.57
208.68, 219.01
208.76, 208.59
209.56, 350.35
209.32, 217.22
210.37, 421.17
210.02, 353.22
210.26, 313.64
209.87, 215.59
209.59, 207.10
209.91, -1.2119
210.67, 355.31
210.42, 213.95
211.13, 357.99
211.39, 236.87
211.28, 234.48
211.14, 232.55
212.03, 421.37
211.69, 360.07
211.92, 315.43
211.95, 240.08
211.96, 230.99
211.53, 212.02
211.57, -1.2100
212.25, 362.15
212.39, 242.82
212.38, 228.53
212.37, 226.75
212.80, 364.24
213.09, 244.75
212.39, 237.46
212.38, 235.68
212.38, 233.89
212.79, 224.67
213.69, 421.38
213.36, 366.17
213.58, 317.22
213.64, 246.61
212.94, 241.03
213.48, 222.98
213.47, 221.29
212.91, 208.89
213.23, -1.2080
213.91, 367.96
214.47, 369.89
214.72, 248.89
214.58, 219.11
215.35, 421.38
215.11, 371.78
215.35, 319.72
214.69, 318.11
214.61, 246.99
214.58, 220.80
215.13, 217.33
214.89, -1.2061
215.99, 499.94
215.83, 251.21
216.04, 374.16
215.96, 215.59
217.01, 421.38
216.69, 376.29
217.01, 321.51
216.35, 319.90
216.79, 213.76
216.76, 190.55
216.55, -1.2042
217.37, 500.39
217.33, 378.33
217.49, 253.66
216.83, 252.05
218.67, 421.68
218.44, 381.31
218.07, 379.42
218.67, 323.35
218.01, 321.69
217.89, 211.28
218.42, 189.75
218.21, -1.2022
219.15, 255.56
218.49, 253.84
219.37, 383.59
219.61, 266.83
220.33, 421.68
220.11, 386.07
220.23, 324.96
219.80, 188.81
219.87, -1.2003
220.70, 257.11
220.85, 388.05
221.27, 268.42
222.07, 499.95
221.99, 421.68
221.68, 390.44
221.78, 326.75
221.18, 188.07
221.53, -1.1983
222.26, 258.78
222.51, 392.22
223.11, 328.66
222.79, 269.47
222.85, 190.75
223.46, 500.40
223.65, 421.69
223.34, 394.31
223.19, -1.1964
224.26, 476.15
224.03, 260.09
224.45, 396.69
224.66, 330.33
224.59, 271.00
224.50, 189.96
225.31, 421.69
224.85, -1.1944
225.28, 398.18
225.69, 261.48
226.47, 476.74
226.12, 400.56
226.43, 332.89
225.76, 331.22
226.27, 285.09
226.25, 271.76
226.16, 189.07
226.97, 421.69
226.51, -1.1925
226.95, 402.05
227.46, 262.72
228.13, 476.75
227.87, 334.50
227.37, 285.09
227.91, 273.09
227.82, 188.28
228.63, 421.99
228.33, 405.17
228.17, -1.1906
229.20, 336.46
229.01, 263.82
229.79, 477.34
229.16, 406.81
229.02, 274.09
229.48, 187.88
229.37, 82.732
229.47, 80.114
229.36, 77.773
229.36, 75.987
229.36, 73.805
230.29, 421.99
230.27, 409.10
229.77, 197.75
229.37, 86.304
229.92, 84.519
230.04, 71.871
229.63, 70.383
229.83, -1.1886
230.83, 410.68
230.86, 338.78
230.20, 337.18
230.69, 282.52
230.67, 264.62
230.30, 93.645
230.20, 91.364
230.20, 89.876
229.92, 88.090
230.27, 68.251
230.59, 66.069
229.90, 65.175
231.45, 477.34
231.10, 278.33
231.23, 269.52
231.14, 187.39
231.04, 98.606
230.76, 96.423
230.47, 82.734
230.47, 80.948
230.46, 76.187
230.46, 74.401
231.11, 60.474
230.45, 59.224
232.03, 499.96
231.95, 421.99
231.94, 412.54
231.52, 280.34
231.90, 274.39
231.78, 272.01
231.78, 270.67
231.70, 196.22
231.32, 100.59
231.04, 94.936
231.58, 84.719
231.69, 57.588
231.49, -1.1867
232.41, 340.75
231.86, 338.96
232.46, 283.43
231.79, 282.12
232.33, 265.61
231.97, 103.17
231.96, 55.208
232.56, 477.35
233.05, 414.78
232.80, 186.99
232.52, 105.55
232.11, 60.118
232.54, 52.501
233.41, 500.41
233.33, 422.14
233.63, 342.48
233.34, 275.46
233.36, 195.43
233.27, 109.52
232.71, 107.73
233.24, 84.820
233.31, 49.764
233.15, -1.1847
234.15, 417.09
234.01, 283.32
233.99, 266.41
233.82, 112.20
234.46, 186.90
234.10, 113.99
234.12, 47.423
235.33, 477.94
235.26, 419.47
235.18, 344.62
234.63, 343.13
234.97, 276.47
235.02, 194.93
234.93, 116.29
234.90, 85.020
234.81, -1.1828
235.67, 283.12
235.65, 267.40
235.49, 118.75
234.87, 58.931
235.13, 45.242
236.48, 421.64
236.29, 346.33
236.12, 186.30
235.77, 120.53
235.96, 43.259
236.99, 477.95
236.77, 277.17
236.60, 123.02
236.56, 85.122
236.46, -1.1809
237.51, 348.32
237.33, 282.73
237.31, 267.99
236.88, 124.70
237.08, 57.545
238.12, 499.97
237.89, 422.60
237.92, 193.00
237.77, 186.31
237.43, 126.79
238.09, 477.95
238.43, 277.77
238.08, 128.87
238.22, 85.520
238.12, -1.1789
239.06, 350.58
238.51, 349.09
238.99, 282.73
238.86, 268.56
238.74, 56.753
238.17, 39.889
239.22, 500.27
239.69, 422.60
239.33, 192.85
239.43, 186.51
239.38, 132.14
238.82, 130.06
240.17, 352.37
240.09, 278.36
239.88, 85.721
239.78, -1.1770
240.65, 283.13
240.63, 269.19
240.48, 134.53
240.40, 55.763
241.35, 422.60
241.28, 354.38
241.10, 192.56
241.09, 186.71
241.19, 279.16
241.32, 136.46
241.54, 86.020
241.44, -1.1750
242.38, 356.16
242.41, 273.68
242.43, 269.64
242.15, 138.47
242.06, 54.873
243.01, 422.60
242.76, 192.26
242.75, 186.91
243.49, 357.73
243.51, 276.19
243.26, 140.38
243.20, 86.320
243.10, -1.1731
244.08, 287.44
243.41, 286.01
243.96, 282.06
244.10, 278.64
243.40, 273.80
244.09, 270.23
243.72, 54.180
244.67, 422.90
244.60, 359.66
244.42, 192.26
244.41, 187.11
244.37, 143.66
245.07, 283.33
244.86, 86.520
244.76, -1.1712
245.71, 361.45
245.62, 279.16
245.61, 270.83
245.47, 145.39
245.37, 53.488
246.33, 422.90
246.08, 192.27
246.07, 187.31
246.97, 499.78
246.93, 363.21
246.84, 283.33
246.58, 147.26
246.52, 86.919
246.42, -1.1692
247.28, 279.76
247.27, 270.83
247.03, 52.498
247.99, 423.00
248.04, 365.11
247.74, 192.27
247.73, 187.80
247.69, 148.82
248.63, 499.98
247.92, 363.09
248.39, 283.93
248.18, 87.020
248.08, -1.1673
249.15, 367.26
248.94, 279.76
249.04, 270.84
248.80, 150.76
248.42, 52.102
248.65, 10.241
249.65, 423.20
249.03, 365.17
249.40, 192.27
249.39, 187.91
250.28, 499.98
250.25, 369.40
250.05, 284.08
250.02, 152.51
249.84, 87.419
249.74, -1.1653
250.42, 367.11
250.60, 279.86
250.48, 270.96
249.75, 10.143
251.31, 423.21
251.25, 371.87
251.06, 192.27
251.05, 188.11
251.01, 47.404
250.90, 45.062
250.89, 43.277
250.89, 41.491
250.89, 39.706
250.32, 23.833
251.94, 500.18
251.80, 369.57
251.71, 284.73
251.57, 154.48
251.01, 152.69
251.50, 87.520
251.46, 50.023
251.44, 37.326
251.44, 35.540
251.44, 33.754
251.44, 31.969
251.40, -1.1634
252.47, 373.81
252.25, 271.04
251.99, 29.985
251.98, 28.200
251.84, 26.216
252.97, 423.21
252.91, 371.53
252.72, 192.27
252.79, 156.09
251.98, 25.026
252.53, 22.249
253.47, 376.78
253.48, 285.12
253.16, 87.919
253.11, 49.826
253.07, 9.5520
253.06, -1.1615
254.13, 373.93
253.91, 270.84
254.63, 423.51
254.58, 379.36
254.38, 192.77
254.45, 157.87
253.78, 156.27
254.19, 21.457
255.03, 285.87
255.02, 274.41
254.82, 88.119
254.77, 49.134
254.18, 9.5533
254.72, -1.1595
255.41, 381.55
255.50, 376.19
255.13, 374.70
255.71, 270.84
256.29, 423.81
256.24, 276.32
256.04, 192.87
256.11, 159.48
255.44, 158.05
255.85, 20.665
256.24, 383.33
256.14, 286.62
256.48, 88.319
256.43, 48.442
256.38, -1.1576
256.76, 354.77
256.76, 352.98
256.76, 351.19
257.23, 278.38
257.23, 270.75
257.95, 423.81
257.70, 369.25
257.33, 367.86
257.33, 365.48
257.30, 338.40
257.90, 282.39
257.51, 280.37
257.79, 277.54
257.56, 193.17
257.66, 160.74
257.51, 19.973
257.22, 8.9616
258.26, 375.50
257.89, 373.81
258.49, 284.98
258.13, 88.718
258.09, 47.749
258.04, -1.1556
259.04, 287.21
258.89, 270.25
259.61, 423.81
258.90, 282.45
259.45, 277.99
259.47, 193.47
259.32, 162.13
259.17, 19.380
259.56, 385.72
259.79, 88.720
259.75, 47.156
259.70, -1.1537
260.79, 499.90
260.12, 390.18
260.74, 348.82
260.63, 346.44
260.63, 344.65
260.62, 342.87
260.62, 341.08
260.62, 339.49
260.34, 337.81
260.34, 336.02
260.34, 334.24
260.34, 332.45
260.61, 330.37
260.61, 328.58
260.61, 326.80
260.47, 324.86
260.56, 288.26
260.54, 269.81
261.26, 423.81
260.96, 394.50
260.68, 392.56
261.30, 355.37
261.19, 352.99
261.19, 351.40
260.88, 322.93
260.88, 321.14
261.01, 319.06
261.11, 277.99
261.15, 194.07
260.98, 163.32
260.82, 18.687
261.24, 396.43
261.86, 360.37
261.75, 357.95
261.43, 317.27
261.33, 315.09
261.45, 88.920
261.41, 46.563
261.36, -1.1517
262.45, 500.00
261.98, 399.21
262.45, 364.74
262.30, 362.71
261.97, 313.70
261.97, 311.92
261.97, 310.43
262.22, 289.06
262.34, 269.36
262.92, 424.11
262.62, 401.49
262.97, 368.22
262.86, 366.38
262.77, 277.79
262.68, 194.67
262.64, 164.67
262.48, 18.193
262.90, 402.98
263.56, 370.77
263.11, 89.319
263.07, 45.870
263.03, 7.9764
263.02, -1.1498
264.11, 500.10
264.01, 408.04
263.46, 405.96
263.46, 404.47
263.98, 374.27
263.98, 372.78
263.89, 290.05
263.72, 268.99
264.58, 424.11
264.68, 410.54
264.64, 377.15
264.42, 277.30
264.34, 195.26
264.30, 165.70
264.14, 17.699
265.13, 413.10
264.81, 379.77
264.77, 89.321
264.73, 45.277
264.41, 7.9284
264.67, -1.1479
265.50, 500.45
265.68, 415.09
265.46, 381.86
265.55, 290.85
265.52, 268.37
265.69, 424.12
266.24, 417.17
266.08, 277.10
265.86, 195.56
265.96, 166.85
265.80, 17.205
266.93, 419.28
266.20, 384.54
266.43, 89.620
266.38, 44.783
266.33, -1.1459
267.49, 421.44
267.21, 292.05
267.18, 271.55
267.18, 267.78
266.90, 7.1874
267.66, 196.22
267.62, 167.65
267.46, 16.810
268.57, 423.94
268.15, 144.08
268.15, 142.30
268.15, 140.51
268.28, 138.43
267.87, 137.24
268.09, 89.722
268.04, 44.289
267.99, -1.1440
268.87, 293.03
268.96, 273.36
268.29, 271.75
268.98, 266.92
268.85, 154.65
268.71, 152.61
268.71, 150.83
268.71, 149.04
268.71, 147.26
268.71, 145.67
268.56, 7.1893
269.45, 197.06
269.28, 168.98
269.39, 160.15
269.27, 157.77
269.27, 156.58
269.12, 16.614
269.98, 423.97
269.52, 385.14
269.49, 360.14
269.49, 358.35
269.49, 356.86
269.97, 162.39
269.75, 89.922
269.70, 43.894
269.65, -1.1420
270.08, 392.28
270.08, 390.79
270.04, 351.21
270.53, 293.58
270.51, 274.95
269.95, 273.54
270.50, 266.40
270.50, 164.98
269.66, 7.1906
270.64, 397.34
270.98, 197.80
270.35, 133.97
270.78, 16.417
271.86, 500.01
271.77, 424.02
271.20, 401.80
271.20, 400.31
271.13, 342.88
271.62, 278.20
271.61, 169.08
271.22, 166.85
271.41, 89.924
271.36, 43.499
271.31, -1.1401
272.20, 407.10
271.68, 338.12
272.19, 295.56
272.18, 292.49
272.31, 280.46
272.17, 274.63
272.16, 265.60
272.87, 409.94
272.87, 282.62
272.64, 198.61
272.44, 16.122
272.96, 500.31
273.43, 424.03
273.42, 412.02
273.42, 284.63
272.95, 234.71
272.67, 232.77
273.16, 170.04
273.07, 90.223
273.02, 42.906
272.97, -1.1382
273.85, 295.86
273.84, 291.60
273.81, 264.71
273.60, 236.74
274.25, 414.01
274.44, 199.89
273.98, 40.229
274.10, 15.925
274.09, 6.6006
275.09, 424.03
274.89, 239.32
274.96, 170.87
274.73, 90.325
274.68, 42.313
274.40, 38.741
274.67, 36.857
274.63, -1.1362
275.51, 295.57
275.50, 291.00
275.47, 263.72
275.09, 34.576
276.06, 298.15
276.03, 272.16
275.96, 200.78
275.50, 32.791
275.63, 30.708
275.76, 15.729
275.75, 6.4041
276.75, 423.83
276.55, 241.01
276.48, 171.47
276.39, 90.525
276.34, 42.315
276.05, 29.220
276.32, 27.435
276.32, 25.748
276.29, -1.1343
277.32, 332.41
277.20, 329.99
277.20, 328.20
277.20, 326.42
277.20, 324.63
277.20, 322.85
277.19, 321.06
277.19, 319.28
277.19, 317.49
277.19, 315.71
277.19, 314.02
277.17, 295.07
277.16, 290.01
277.13, 262.83
276.73, 23.567
277.50, 344.08
277.77, 342.29
277.77, 340.51
277.77, 338.72
277.76, 336.93
277.76, 335.15
277.46, 312.09
277.87, 308.22
277.72, 298.99
277.56, 271.46
277.64, 219.19
277.51, 201.71
277.15, 22.079
277.42, 20.393
277.42, 15.532
276.85, 6.0086
278.41, 423.83
277.77, 345.86
278.29, 310.15
278.21, 242.20
278.14, 171.37
278.05, 90.527
278.00, 41.820
277.70, 18.806
277.95, -1.1323
278.31, 333.66
278.82, 294.48
278.27, 289.32
278.24, 262.24
279.27, 299.92
279.30, 218.69
279.28, 202.82
278.65, 131.60
279.07, 15.534
280.15, 500.12
280.07, 423.83
279.87, 242.90
279.80, 170.98
279.71, 90.529
279.66, 41.723
279.61, -1.1304
280.48, 293.59
280.93, 301.11
280.95, 218.50
280.94, 204.01
280.73, 15.536
281.26, 500.32
281.73, 423.64
281.53, 243.20
281.46, 170.48
281.37, 90.531
281.18, 41.130
281.27, -1.1285
282.14, 292.99
281.83, 5.6177
282.71, 302.42
282.75, 218.50
282.60, 205.40
281.97, 131.00
282.39, 15.340
283.39, 423.54
282.74, 331.88
282.64, 243.20
283.11, 169.79
283.03, 90.830
282.97, 41.132
282.93, -1.1265
283.80, 292.15
283.49, 5.4212
284.37, 303.61
284.27, 219.09
284.37, 206.83
284.05, 15.143
285.05, 423.54
284.66, 169.10
284.69, 91.031
284.63, 41.035
284.59, -1.1246
285.18, 291.26
286.03, 305.35
285.93, 219.45
285.92, 208.38
285.71, 14.947
286.71, 423.25
286.43, 168.61
286.35, 91.132
286.29, 40.541
286.25, -1.1226
287.69, 306.59
287.48, 220.71
287.47, 209.99
287.37, 14.949
288.37, 423.25
288.09, 168.31
288.01, 91.134
287.95, 40.543
287.91, -1.1207
288.70, 222.60
288.80, 212.08
289.35, 307.78
288.60, 129.23
289.03, 15.149
290.03, 423.15
289.92, 224.76
289.89, 167.62
289.67, 91.136
289.61, 40.545
289.57, 4.8331
289.57, -1.1188
290.35, 214.49
289.80, 212.55
291.01, 310.86
291.01, 306.99
290.93, 238.74
290.92, 227.58
290.69, 15.151
291.69, 422.96
291.48, 236.56
291.59, 230.17
290.92, 225.35
291.57, 216.25
291.41, 167.32
291.33, 91.534
291.27, 40.150
291.23, 4.8351
291.23, -1.1168
291.78, 251.54
291.76, 234.58
292.03, 232.59
292.40, 312.55
292.67, 306.50
292.68, 218.81
292.47, 128.64
292.35, 15.451
293.35, 422.96
292.88, 249.91
293.29, 248.05
292.57, 216.72
292.96, 166.73
292.99, 91.735
292.93, 39.953
292.89, 4.8370
292.88, -1.1149
293.78, 314.34
293.68, 221.64
294.33, 306.00
294.26, 246.04
293.68, 219.40
293.58, 128.64
294.01, 15.552
295.01, 422.76
294.81, 243.11
294.90, 225.30
294.79, 223.08
294.73, 166.23
294.65, 91.737
294.59, 39.955
294.00, 4.8383
294.54, -0.81534
295.44, 316.72
295.12, 275.20
295.50, 240.68
295.36, 238.65
295.49, 228.18
295.98, 305.81
296.05, 236.67
295.91, 234.58
295.90, 232.80
295.90, 231.01
295.90, 229.23
295.67, 15.752
296.66, 422.66
295.95, 273.87
295.90, 225.95
296.39, 166.04
296.30, 91.937
296.25, 39.957
296.20, -1.1110
296.83, 319.10
296.47, 239.35
297.64, 305.21
297.33, 270.89
297.33, 16.151
298.32, 422.47
297.94, 321.48
298.16, 268.88
298.04, 165.54
298.01, 131.12
297.96, 92.137
297.91, 39.959
297.86, -1.1090
298.71, 266.50
298.70, 136.23
298.56, 134.20
298.56, 132.61
298.77, 322.97
299.30, 304.92
299.24, 141.74
299.12, 139.36
299.12, 137.87
299.11, 127.95
298.99, 16.302
299.98, 422.37
299.43, 165.55
299.68, 145.76
299.68, 144.12
299.62, 92.338
299.57, 39.961
299.52, -1.1071
300.10, 277.44
300.35, 150.31
300.24, 147.89
300.96, 304.82
300.80, 153.05
300.23, 142.63
300.22, 128.05
300.65, 16.750
301.64, 422.07
301.11, 275.46
301.49, 156.47
301.07, 154.83
301.28, 92.538
301.23, 39.665
301.18, -1.1052
302.02, 161.74
301.91, 159.40
301.91, 158.11
301.35, 151.56
301.78, 43.336
302.62, 304.63
302.31, 273.28
302.59, 272.24
302.61, 164.28
302.31, 17.347
303.30, 422.08
303.14, 270.50
303.13, 268.82
302.94, 92.937
302.84, -0.73123
303.41, 266.88
303.44, 44.529
304.28, 304.43
304.13, 164.26
304.11, 17.349
304.09, 4.1061
303.68, 2.4689
303.67, 0.68331
304.96, 421.78
304.60, 92.939
304.65, 38.598
304.27, 36.395
304.54, 34.808
304.54, 33.023
304.54, 31.237
304.50, -1.0021
305.11, 45.919
305.20, 28.659
305.08, 26.278
305.08, 24.493
304.80, 23.153
305.94, 304.23
305.79, 163.77
305.75, 127.46
305.45, 21.418
305.63, 17.946
305.47, 4.5541
306.62, 421.78
306.26, 93.337
306.20, 39.374
306.16, -1.0993
306.77, 47.012
307.60, 304.23
307.45, 163.57
307.41, 127.36
307.29, 18.146
307.27, 4.8538
308.28, 421.49
307.92, 93.538
307.86, 39.375
307.82, -1.0974
308.43, 48.205
309.26, 304.04
309.10, 163.18
309.07, 127.17
308.95, 18.545
308.93, 4.9550
309.94, 421.19
309.58, 93.440
309.52, 39.477
309.48, -1.0955
310.09, 49.496
310.92, 303.74
310.90, 162.88
310.72, 127.17
310.61, 19.142
311.60, 421.09
311.24, 93.244
311.18, 39.975
311.14, -0.99432
311.75, 50.589
312.58, 303.64
312.42, 162.58
312.38, 127.17
312.41, 19.144
312.25, 5.0581
311.69, 1.8831
313.26, 420.90
312.90, 93.147
312.84, 39.976
312.80, -1.0916
313.41, 51.683
314.24, 303.65
314.08, 162.59
314.04, 127.17
313.93, 19.741
313.91, 5.6552
314.92, 420.60
314.56, 92.752
314.50, 39.978
314.46, -1.0896
315.07, 52.776
315.89, 303.65
315.60, 161.99
315.70, 127.17
315.59, 20.140
315.57, 5.7563
316.58, 420.50
316.22, 92.456
316.16, 40.179
316.12, -1.0877
316.73, 308.86
316.73, 53.670
317.42, 303.06
317.40, 161.90
317.36, 127.18
317.25, 20.489
317.23, 6.0559
318.23, 420.21
318.11, 310.50
317.88, 92.260
317.82, 40.577
317.78, -1.0858
318.39, 54.664
319.21, 303.06
319.06, 161.50
319.02, 127.18
318.91, 21.086
318.89, 6.3554
319.89, 420.01
319.78, 316.35
319.22, 311.39
319.54, 91.964
319.48, 40.579
319.44, -1.0838
320.34, 318.14
320.05, 55.559
320.87, 303.06
320.72, 161.40
320.68, 127.18
320.57, 21.683
320.55, 6.7541
321.55, 419.72
321.44, 320.10
321.44, 314.37
321.20, 91.470
321.14, 41.177
321.23, -0.70972
322.00, 322.11
321.71, 56.553
322.55, 323.99
322.53, 303.06
322.38, 161.31
322.34, 127.18
322.23, 22.281
322.21, 7.1529
323.21, 419.42
323.11, 325.88
322.82, 315.86
322.85, 90.877
322.80, 41.377
322.76, 0.92883
322.75, -0.98074
323.66, 327.76
323.37, 57.051
324.22, 330.00
324.21, 317.94
324.33, 302.69
324.04, 160.81
324.00, 127.18
323.89, 23.086
323.87, 7.5516
323.86, 2.5669
324.87, 419.32
324.89, 332.88
324.51, 90.581
324.46, 42.172
324.56, 29.515
324.31, 27.119
324.41, -1.0780
325.47, 335.35
325.03, 57.251
325.14, 33.890
325.00, 31.956
324.97, 4.2794
326.03, 337.81
325.68, 320.13
325.85, 302.67
325.70, 160.81
325.66, 127.19
325.67, 37.611
325.56, 35.676
325.55, 24.070
325.53, 7.7519
326.53, 418.83
326.45, 341.31
326.44, 339.52
326.17, 90.186
326.23, 41.540
326.12, 39.546
326.08, 5.7686
326.07, -1.0761
327.11, 343.90
326.98, 322.31
326.69, 57.253
327.70, 346.44
327.51, 302.57
327.36, 160.82
327.32, 126.89
327.21, 24.875
327.30, 7.6747
328.19, 418.83
328.22, 350.09
327.56, 348.30
327.81, 324.05
327.83, 89.692
327.78, 42.573
327.73, -1.0741
328.78, 354.02
328.67, 352.17
328.64, 326.21
328.48, 179.42
328.43, 130.36
328.35, 57.255
329.37, 358.27
329.23, 356.44
329.17, 302.47
329.01, 160.22
329.12, 132.18
328.98, 127.09
328.98, 25.949
328.74, 8.3310
329.30, 418.54
329.90, 363.78
329.79, 361.40
329.23, 360.21
329.47, 328.22
329.68, 134.33
329.49, 89.099
329.44, 42.972
329.39, -1.0722
330.46, 369.73
330.35, 367.35
330.34, 366.01
330.12, 330.25
330.25, 180.70
330.23, 136.42
330.01, 57.257
331.02, 379.02
330.91, 376.68
330.91, 374.89
330.91, 373.10
330.90, 371.82
330.83, 302.48
330.67, 160.62
330.65, 138.80
330.64, 127.19
330.53, 27.250
330.51, 9.4045
331.25, 436.99
331.25, 435.20
331.15, 433.22
331.62, 397.56
331.48, 395.52
331.48, 393.74
331.20, 392.35
331.20, 390.56
331.20, 388.78
331.20, 386.99
331.19, 385.21
331.19, 383.42
331.19, 381.64
331.23, 333.23
330.86, 331.34
331.35, 142.52
331.21, 140.49
331.15, 88.704
331.10, 43.569
331.05, -1.0702
331.89, 431.24
331.80, 428.95
331.79, 427.17
331.79, 425.38
332.07, 423.50
332.06, 421.71
332.06, 419.93
332.16, 406.46
331.77, 404.25
331.77, 402.47
331.76, 400.68
331.49, 399.49
331.53, 181.95
331.76, 146.09
331.76, 144.16
331.20, 137.31
332.34, 417.94
332.33, 416.16
332.33, 414.37
332.33, 412.59
332.33, 410.80
332.33, 409.02
332.25, 336.85
331.97, 334.91
332.49, 302.48
332.39, 214.79
332.39, 210.72
332.43, 150.47
332.32, 148.13
332.30, 127.19
332.08, 28.512
332.17, 10.438
332.80, 339.08
332.89, 160.23
332.88, 158.44
332.88, 156.66
332.88, 154.87
332.88, 153.09
332.81, 88.309
332.76, 44.166
332.71, -1.0683
333.36, 341.17
333.41, 30.597
333.92, 343.40
334.15, 302.48
333.89, 231.85
334.05, 215.09
333.91, 211.12
333.96, 127.49
333.69, 11.283
334.47, 345.93
334.44, 234.23
334.07, 229.27
334.41, 159.93
334.47, 87.815
334.42, 44.565
334.37, -1.0664
335.12, 348.31
335.00, 237.80
334.63, 236.41
334.96, 32.562
334.40, 30.776
335.58, 350.84
335.81, 302.48
335.74, 242.14
335.46, 239.99
335.71, 215.29
335.71, 211.72
335.62, 127.50
335.35, 12.475
335.86, 352.48
336.21, 160.23
336.13, 87.420
335.94, 45.063
336.07, 34.424
336.03, -1.0644
336.42, 356.05
336.42, 354.56
336.67, 245.84
336.30, 244.15
337.35, 361.21
336.97, 358.43
337.47, 302.48
337.41, 248.62
337.37, 215.88
337.37, 212.01
337.36, 206.06
337.28, 127.70
337.29, 36.553
337.15, 13.817
338.14, 416.56
338.00, 414.53
337.81, 365.57
337.53, 363.79
337.96, 251.00
337.86, 160.23
337.78, 86.926
337.74, 46.057
337.69, -1.0625
338.42, 412.89
338.41, 411.11
338.69, 409.42
338.69, 407.73
338.09, 367.36
338.52, 253.08
338.40, 38.935
339.24, 405.01
339.23, 402.87
339.23, 401.09
338.65, 373.91
338.65, 371.53
338.99, 302.63
339.07, 255.27
339.15, 225.71
339.04, 223.33
339.04, 221.54
339.04, 219.75
338.90, 217.89
339.03, 212.12
339.02, 206.66
338.94, 128.00
338.28, 37.030
338.81, 15.604
339.80, 416.27
339.60, 398.51
339.23, 397.42
339.49, 383.73
339.21, 381.65
339.21, 379.86
339.63, 257.35
339.74, 228.09
339.52, 160.24
339.44, 86.532
338.85, 46.554
339.51, 41.496
339.35, -1.0605
340.15, 230.47
339.39, 39.412
340.51, 303.08
340.46, 259.19
340.85, 232.48
340.41, 212.61
340.54, 206.96
340.65, 174.22
340.60, 128.10
340.50, 44.324
340.47, 17.392
341.46, 415.87
341.29, 261.12
341.40, 234.56
340.70, 228.98
341.18, 160.24
341.10, 86.137
340.50, 42.092
341.01, -1.0586
341.85, 263.01
341.75, 47.897
341.34, 45.962
342.37, 237.17
342.34, 207.26
342.31, 175.42
342.25, 128.40
342.17, 49.931
342.25, 18.941
341.58, 17.691
343.12, 415.58
343.11, 302.49
342.96, 264.84
342.37, 234.94
342.70, 159.79
342.76, 85.643
342.67, -1.0566
343.48, 239.10
343.52, 177.02
343.42, 53.032
343.09, 50.924
344.07, 267.08
344.00, 207.66
343.91, 128.60
343.95, 56.440
343.28, 54.892
343.80, 20.371
344.78, 415.28
344.66, 303.48
344.10, 300.71
344.70, 241.31
344.50, 159.94
344.42, 85.248
344.33, -1.0547
345.08, 178.69
344.52, 177.20
345.02, 131.38
345.73, 268.57
345.81, 243.63
345.38, 207.86
345.58, 132.86
345.57, 128.80
345.50, 57.275
345.46, 22.159
346.44, 414.69
346.32, 303.68
346.29, 180.60
346.16, 159.85
346.27, 134.65
346.08, 84.952
345.99, -1.0528
346.83, 136.59
347.39, 269.76
347.47, 246.13
346.81, 244.46
347.38, 138.52
347.23, 129.00
347.16, 57.277
347.01, 23.768
348.10, 414.49
347.98, 303.69
347.94, 273.93
347.85, 183.16
347.29, 181.37
347.82, 159.75
347.94, 140.31
347.74, 84.458
347.65, -1.0508
348.49, 142.09
348.30, 94.627
348.30, 92.593
348.30, 90.807
348.30, 89.022
348.16, 87.112
348.34, 25.912
349.05, 271.15
348.91, 247.74
348.95, 185.10
349.05, 144.18
348.89, 129.20
348.98, 102.75
348.86, 100.33
348.86, 98.545
348.86, 96.760
348.82, 57.279
349.76, 413.90
349.52, 303.09
349.61, 275.52
349.48, 159.85
349.60, 146.34
349.42, 107.28
349.42, 105.49
349.40, 83.865
349.31, -1.0489
350.24, 249.71
350.17, 187.09
350.16, 148.64
350.12, 110.70
349.98, 108.76
349.41, 95.074
349.89, 27.521
350.82, 277.14
350.71, 272.64
350.63, 204.59
350.71, 150.58
350.54, 114.27
350.72, 112.24
349.97, 104.00
350.47, 57.281
351.42, 413.50
351.43, 303.09
351.14, 160.05
351.24, 153.35
351.09, 116.95
351.06, 83.470
350.96, -1.0469
351.90, 251.55
351.24, 249.83
351.73, 189.94
351.17, 187.93
351.69, 156.08
351.76, 119.42
351.44, 29.308
352.37, 278.69
352.37, 274.03
352.29, 203.30
352.24, 158.07
352.32, 122.04
351.64, 115.31
352.13, 57.283
353.07, 413.01
352.95, 303.25
352.91, 258.06
352.56, 191.94
352.80, 159.66
352.87, 125.14
352.72, 83.075
352.77, 31.333
352.62, -1.0450
353.45, 253.10
353.39, 193.95
353.46, 127.81
353.90, 280.33
354.03, 275.12
353.68, 202.96
354.01, 130.20
353.31, 123.35
353.79, 57.285
354.73, 412.42
354.62, 304.29
354.57, 258.66
354.50, 196.11
354.46, 160.05
354.57, 132.58
353.87, 125.73
354.37, 82.482
354.32, 33.552
353.77, 31.989
354.28, -1.0431
355.11, 254.65
354.50, 194.18
355.12, 134.51
355.59, 281.55
355.69, 276.02
355.72, 199.42
355.33, 197.30
355.65, 137.28
355.45, 57.287
355.43, 35.265
356.39, 412.22
356.28, 306.89
355.72, 305.18
356.23, 259.45
356.16, 201.92
355.84, 160.25
356.23, 139.87
356.03, 81.988
355.94, -1.0411
356.91, 255.49
356.69, 181.09
356.79, 141.66
356.54, 37.275
357.50, 308.58
357.08, 282.72
357.35, 277.01
357.32, 144.42
357.11, 57.289
358.05, 411.63
357.61, 260.25
357.90, 147.01
357.69, 81.395
357.65, 39.211
357.60, -1.0392
358.60, 310.78
358.43, 256.08
358.35, 180.49
358.32, 150.59
358.32, 149.10
359.01, 277.81
358.61, 159.96
358.88, 158.08
358.88, 156.29
358.88, 154.50
358.88, 152.82
358.77, 57.291
358.75, 41.518
359.71, 411.03
359.71, 313.34
359.02, 281.68
359.35, 81.000
359.26, -1.0372
359.60, 311.44
360.09, 256.68
360.01, 179.60
359.86, 43.900
360.82, 315.72
360.67, 278.70
360.43, 57.293
361.37, 410.44
360.71, 313.82
361.01, 80.506
361.08, 45.985
360.92, -1.0353
361.96, 318.21
361.76, 261.54
361.75, 257.08
361.67, 178.91
361.53, 48.168
362.51, 320.29
361.82, 316.50
361.78, 279.30
362.09, 57.394
363.03, 409.94
362.67, 79.912
362.75, 49.915
362.58, -1.0334
363.49, 322.75
363.06, 266.41
363.42, 262.44
363.55, 257.28
363.33, 178.52
364.04, 324.54
363.48, 320.96
363.70, 268.74
363.75, 57.991
363.74, 52.535
364.69, 409.45
364.73, 326.03
364.26, 270.37
364.33, 79.518
364.24, -1.0314
365.29, 327.81
364.54, 272.16
365.08, 262.94
365.07, 257.88
364.99, 178.02
364.67, 54.619
365.84, 329.82
364.86, 57.893
366.34, 408.76
366.40, 331.76
365.99, 79.023
365.41, 56.108
365.90, -1.0295
366.95, 333.77
366.90, 309.48
366.74, 263.24
366.73, 257.88
366.65, 177.53
367.51, 335.77
367.21, 185.86
368.00, 408.17
368.07, 337.93
367.90, 312.04
367.65, 78.529
367.62, 57.797
367.56, -1.0275
368.62, 340.31
368.45, 314.23
368.40, 263.73
368.50, 257.88
368.31, 176.93
367.90, 56.111
367.90, 54.325
367.89, 52.689
369.18, 342.25
368.54, 50.557
368.58, 48.226
369.66, 407.57
369.70, 344.66
369.56, 315.91
369.30, 78.135
369.28, 57.997
369.16, 45.518
369.22, -1.0256
370.26, 347.40
370.12, 319.48
369.78, 263.83
369.91, 258.18
369.96, 176.44
369.71, 42.424
370.82, 350.20
370.12, 322.76
370.67, 318.00
370.37, 39.845
371.32, 407.08
371.26, 353.26
371.05, 326.63
370.68, 324.84
370.96, 77.541
370.94, 58.396
370.92, 37.961
370.88, -1.0237
371.82, 356.09
371.51, 329.31
371.89, 320.50
371.71, 258.48
371.62, 176.24
371.47, 35.879
372.19, 358.67
371.79, 331.09
372.02, 34.094
372.98, 406.39
372.72, 335.86
372.35, 333.47
373.00, 322.88
372.35, 77.245
372.60, 58.497
372.57, 31.937
372.54, -1.0217
373.28, 341.41
372.91, 339.43
373.10, 262.80
373.37, 258.48
373.28, 175.85
374.11, 325.44
373.31, 29.929
374.64, 405.79
374.04, 365.62
374.02, 348.95
374.00, 323.36
374.48, 264.14
374.28, 76.355
374.26, 58.499
373.95, 28.293
374.20, -1.0198
374.60, 372.16
375.22, 328.24
375.03, 258.48
374.94, 175.75
374.78, 26.558
375.11, 326.34
375.05, 24.872
375.74, 405.50
376.22, 330.60
376.15, 268.60
375.94, 79.035
375.94, 76.158
375.92, 58.700
375.86, -1.0178
376.91, 332.29
376.21, 329.01
376.69, 258.49
376.61, 184.58
376.60, 175.75
375.88, 23.980
377.46, 334.15
376.98, 270.69
377.05, 81.120
376.71, 21.600
378.02, 336.38
377.81, 274.56
377.61, 82.906
377.05, 79.632
377.60, 75.863
377.58, 59.098
377.52, -1.0159
378.58, 338.54
378.51, 276.27
378.35, 258.49
378.27, 184.39
378.26, 175.56
378.16, 84.692
377.81, 19.518
378.99, 340.82
379.06, 277.98
378.85, 86.181
379.67, 457.08
379.66, 343.01
379.41, 88.413
379.26, 75.071
379.24, 59.199
378.92, 16.246
379.17, -1.0139
380.17, 403.52
380.03, 401.48
380.10, 346.13
379.54, 339.14
380.01, 258.49
379.93, 184.39
379.92, 175.16
379.97, 90.497
380.72, 399.55
380.58, 397.62
380.66, 348.81
380.02, 13.867
381.33, 456.99
381.26, 395.58
381.26, 393.80
381.33, 353.13
381.22, 350.74
380.66, 344.20
380.94, 92.879
380.92, 74.478
380.90, 59.697
380.83, -1.0120
381.83, 403.02
381.81, 391.62
381.81, 389.83
381.81, 388.14
381.78, 358.04
381.77, 355.90
381.21, 347.47
381.67, 262.76
381.67, 258.04
381.59, 184.39
381.58, 175.66
381.60, 95.290
380.93, 90.647
380.85, 12.677
382.08, 386.46
382.15, 360.67
382.23, 262.06
381.68, 10.446
382.99, 456.99
382.36, 381.99
382.34, 366.82
382.34, 365.03
382.34, 363.25
382.33, 354.32
382.71, 98.863
382.32, 96.898
382.57, 73.984
382.56, 59.898
382.49, -1.0101
383.21, 402.68
383.33, 257.90
383.25, 184.39
383.24, 175.76
382.93, 144.07
383.89, 265.83
383.61, 263.11
383.85, 102.26
383.53, 100.37
384.65, 456.99
384.35, 180.52
384.32, 148.98
384.13, 145.81
384.27, 104.34
384.23, 73.688
384.22, 60.296
384.15, -1.0081
384.99, 257.90
384.91, 184.59
384.90, 175.76
384.96, 105.83
385.27, 266.08
385.14, 147.64
385.52, 107.84
386.31, 456.99
386.25, 401.34
386.24, 261.32
386.01, 180.53
386.09, 149.70
385.93, 109.90
385.34, 73.689
385.88, 60.497
385.81, -0.90699
386.76, 257.43
386.57, 184.69
386.56, 175.91
386.60, 112.32
387.97, 456.99
387.63, 400.90
387.76, 262.32
387.12, 180.53
387.75, 151.60
387.08, 149.88
387.60, 114.91
387.26, 61.044
387.47, -0.80585
388.45, 264.75
388.31, 257.11
388.23, 184.99
388.22, 176.51
388.26, 117.32
387.60, 112.68
389.63, 457.00
389.56, 266.83
388.86, 261.77
389.30, 152.91
389.37, 118.99
389.13, -1.0023
389.98, 271.10
389.42, 265.34
389.96, 256.72
389.89, 185.09
389.88, 177.16
390.67, 272.49
390.32, 71.116
391.29, 457.00
390.95, 399.56
391.08, 267.43
390.96, 158.61
390.96, 154.34
390.92, 119.97
390.64, 111.19
390.97, 60.542
390.85, 58.122
390.85, 56.336
390.85, 54.551
390.85, 52.765
390.85, 50.980
390.85, 49.591
390.79, -1.0004
391.76, 256.72
391.55, 185.29
391.54, 177.85
391.54, 74.589
390.87, 73.101
391.12, 46.020
391.39, 43.838
391.39, 42.052
391.39, 40.267
392.07, 160.89
392.10, 82.089
391.98, 79.947
391.71, 78.161
391.43, 76.970
391.97, 70.622
391.94, 38.482
391.94, 36.696
391.94, 34.911
392.95, 457.00
392.33, 398.97
392.74, 267.53
392.62, 156.13
392.31, 125.33
392.58, 121.21
392.69, 90.215
392.55, 88.082
392.54, 86.494
392.27, 84.709
392.52, 62.290
392.60, 32.332
392.21, 30.546
392.45, -0.99842
393.42, 258.36
393.01, 256.27
393.21, 185.79
393.18, 163.27
393.22, 95.661
392.83, 93.339
392.55, 91.851
393.42, 126.82
393.68, 111.79
393.67, 100.28
393.39, 98.399
393.04, 34.714
393.31, 29.357
393.45, 27.274
394.61, 457.00
394.54, 398.08
393.85, 267.73
394.01, 165.36
394.17, 157.92
394.24, 122.21
394.36, 104.05
393.94, 101.97
394.18, 62.887
393.59, 31.143
394.14, 25.390
394.14, 23.605
394.11, -0.99648
394.95, 259.65
394.90, 220.71
394.53, 218.23
394.87, 186.29
394.57, 167.00
394.80, 128.76
394.78, 107.55
394.23, 105.54
394.69, 22.365
394.69, 20.505
395.46, 222.60
395.40, 169.15
395.45, 111.91
395.06, 109.71
396.27, 457.00
395.94, 160.30
395.90, 123.40
395.84, 63.286
395.79, 18.448
395.77, -0.99454
396.72, 261.90
396.05, 260.00
396.57, 224.58
396.53, 186.89
396.23, 171.31
396.19, 130.54
395.79, 20.432
396.20, 16.266
396.79, 173.40
396.86, 112.76
396.89, 14.680
396.89, 12.994
397.93, 457.01
397.68, 226.52
397.33, 161.79
397.30, 132.33
397.43, 125.11
397.64, 64.330
397.43, -0.99260
398.14, 396.59
397.71, 262.97
397.91, 187.39
397.80, 175.58
397.99, 11.011
398.45, 177.71
398.44, 163.58
398.68, 134.32
398.66, 112.89
398.00, 12.697
398.55, 9.1269
399.59, 457.01
399.34, 227.96
399.31, 205.84
399.10, 179.75
398.67, 126.68
398.98, 65.869
398.61, 64.777
399.10, 7.3420
399.09, -0.99066
400.07, 395.70
399.54, 165.22
399.79, 136.05
399.65, 5.6563
400.02, 182.03
400.32, 112.69
400.20, 3.8713
401.24, 457.01
401.00, 228.85
400.97, 205.24
400.76, 184.51
400.90, 138.09
400.61, 1.6895
400.86, -0.51244
401.18, 395.41
401.87, 187.98
401.50, 185.90
401.82, 139.87
401.98, 112.99
402.90, 457.01
402.66, 229.05
402.63, 204.95
402.27, -0.68934
403.17, 190.07
403.11, 142.06
403.64, 112.99
404.56, 457.01
404.32, 229.06
404.29, 204.95
404.22, 144.24
404.07, -0.98484
404.83, 191.66
405.33, 146.62
405.30, 113.00
406.22, 457.02
405.70, 228.76
405.95, 205.10
405.73, -0.98290
406.63, 192.83
406.44, 149.01
406.71, 393.03
406.95, 112.70
407.88, 457.02
407.61, 205.75
407.37, 151.19
407.38, -0.98095
408.04, 194.36
408.29, 153.47
408.61, 112.90
409.54, 457.02
409.27, 206.74
409.37, 196.27
409.03, 155.95
409.04, -0.97901
410.02, 391.55
410.05, 158.68
409.77, 157.04
410.27, 112.90
411.20, 457.02
411.04, 209.07
410.38, 207.64
410.78, 197.82
410.60, 160.47
410.70, -0.97707
411.25, 243.65
411.24, 241.27
411.49, 211.31
411.25, 162.50
411.91, 258.53
411.90, 254.56
411.53, 252.87
411.53, 247.22
411.52, 245.43
412.15, 213.89
412.03, 199.98
411.93, 112.90
412.86, 457.02
412.10, 262.69
412.09, 260.91
412.60, 217.91
412.78, 215.87
412.27, 165.23
411.99, 163.59
412.36, -0.97513
412.89, 225.49
413.16, 223.81
413.16, 222.02
413.16, 220.24
412.59, 212.10
413.14, 201.54
412.82, 167.02
413.99, 381.02
413.61, 379.50
413.38, 168.95
413.59, 113.00
414.52, 457.03
413.71, 218.95
414.24, 203.62
413.93, 171.33
414.16, 126.10
414.02, -0.97319
415.10, 383.10
414.58, 173.42
415.06, 446.31
415.35, 206.08
415.14, 176.10
415.28, 135.13
415.25, 113.01
416.18, 457.03
415.61, 444.82
416.09, 374.79
415.93, 127.23
415.68, -0.97125
416.44, 442.74
416.65, 384.71
416.19, 208.24
416.15, 179.67
415.88, 177.88
416.39, 137.71
416.99, 440.51
416.83, 210.62
416.71, 182.35
416.91, 113.01
417.84, 457.03
417.63, 438.08
417.75, 373.90
417.39, 213.50
417.36, 184.73
417.22, 139.64
417.48, 128.78
417.34, -0.96931
418.18, 435.60
418.45, 386.35
417.58, 219.85
417.58, 218.06
417.58, 216.27
417.82, 187.41
417.77, 141.43
418.73, 432.73
418.92, 430.99
418.98, 363.66
418.47, 189.89
418.42, 143.37
418.57, 113.01
419.50, 457.03
419.19, 429.35
419.47, 427.57
419.41, 373.21
419.54, 365.37
418.93, 192.77
419.14, 130.57
419.00, -0.96737
419.83, 424.99
419.88, 422.51
419.82, 411.90
419.98, 387.69
419.49, 195.15
419.44, 146.19
419.16, 144.56
420.38, 420.03
420.01, 418.94
420.28, 409.42
420.51, 367.53
420.05, 197.53
420.08, 148.13
420.23, 113.01
421.16, 457.03
420.83, 407.63
420.70, 201.10
420.32, 199.02
420.80, 132.36
420.66, -0.96543
421.53, 389.36
421.62, 369.84
421.16, 204.08
421.19, 151.11
420.82, 149.32
421.93, 404.66
421.81, 208.24
421.44, 206.16
421.89, 113.01
422.82, 457.03
422.21, 403.17
422.72, 371.77
422.37, 211.32
422.21, 154.08
421.93, 152.30
422.58, 134.86
421.91, 133.25
422.32, -0.96349
422.76, 401.68
423.30, 391.27
422.55, 213.90
422.77, 156.17
423.31, 400.19
423.58, 398.56
423.11, 217.47
423.11, 215.98
423.32, 157.95
423.55, 112.92
424.48, 457.04
424.13, 397.22
423.97, 160.14
424.02, 136.53
423.98, -0.96155
424.96, 393.05
424.43, 164.20
424.99, 165.84
425.24, 138.31
425.21, 112.92
426.14, 457.04
425.64, 169.66
425.27, 167.48
425.64, -0.95961
426.07, 394.25
426.46, 140.22
427.16, 385.99
426.66, 172.24
426.87, 112.92
427.80, 457.04
427.83, 388.53
427.30, -0.95766
428.42, 391.12
427.76, 174.62
428.01, 142.48
427.45, 140.99
428.83, 394.55
428.28, 393.06
428.27, 385.92
428.53, 112.82
429.45, 457.04
428.60, 176.11
429.11, 144.27
428.96, -0.95572
429.43, 178.05
430.46, 367.39
430.22, 146.28
430.19, 112.83
431.11, 457.04
430.62, -0.95378
431.57, 369.55
431.33, 148.14
431.85, 112.73
432.77, 457.05
432.79, 371.99
432.44, 150.38
432.28, -0.95184
433.79, 374.47
433.55, 152.31
433.51, 112.73
434.43, 457.05
434.46, 377.23
433.94, -0.94990
434.77, 154.51
434.90, 375.21
435.17, 113.03
436.09, 457.05
435.45, 378.19
435.77, 157.07
435.73, 126.22
435.59, -0.94796
435.76, 154.99
436.99, 159.16
436.84, 127.99
436.82, 112.93
437.75, 457.05
437.57, 161.47
437.25, -0.94602
437.65, 360.33
438.06, 130.35
438.65, 164.22
438.48, 112.84
439.41, 457.05
438.54, 161.84
439.20, 133.20
438.91, -0.94408
439.76, 167.20
439.75, 135.28
439.06, 131.49
439.65, 164.82
440.14, 112.84
441.07, 457.06
440.41, 355.58
440.76, 169.88
440.72, 137.84
440.57, -0.94214
441.31, 171.66
440.76, 168.39
441.28, 139.62
440.72, 136.25
442.01, 173.45
441.83, 141.41
441.80, 112.84
442.73, 457.06
442.56, 175.61
442.39, 143.19
442.23, -0.94020
443.12, 177.77
442.94, 144.98
443.67, 179.92
443.64, 146.89
443.46, 112.94
444.39, 457.06
444.23, 182.23
444.19, 148.75
443.89, -0.93826
444.85, 370.96
444.81, 338.47
444.81, 336.34
444.81, 334.55
444.65, 184.76
445.40, 369.12
445.37, 341.22
445.18, 332.47
444.93, 186.84
445.27, 151.13
445.12, 112.74
446.05, 457.06
445.48, 188.93
445.16, 149.05
445.55, -0.93632
446.51, 371.06
445.95, 366.89
446.04, 191.01
446.27, 153.91
446.69, 364.51
446.83, 155.60
446.27, 152.33
446.78, 112.75
447.71, 457.06
447.33, 362.58
446.87, 194.29
447.38, 157.39
447.21, -0.93437
448.17, 371.06
447.97, 360.25
447.43, 197.86
447.94, 159.17
447.98, 202.03
447.98, 200.54
448.63, 160.96
448.44, 112.85
449.37, 457.07
448.98, 357.97
448.71, 357.07
448.54, 206.19
448.54, 204.70
449.19, 162.89
448.87, -0.93243
449.83, 371.06
449.44, 355.19
449.74, 165.05
450.09, 353.95
450.30, 167.28
450.10, 112.85
451.03, 457.07
450.64, 351.87
450.85, 169.59
450.53, -0.93049
451.49, 371.06
451.19, 350.08
451.27, 171.87
451.65, 347.85
451.94, 174.18
451.76, 112.95
452.69, 457.07
452.29, 345.77
452.49, 176.91
452.19, -0.92855
453.15, 371.07
452.84, 343.69
453.05, 180.01
453.30, 341.50
453.63, 182.24
453.46, 154.27
453.42, 112.95
454.35, 457.07
453.94, 339.52
454.22, 337.54
454.16, 184.89
453.49, 178.22
453.85, -0.92661
454.81, 371.07
454.72, 187.81
454.57, 156.06
455.04, 335.06
455.04, 333.42
455.27, 190.96
455.08, 112.95
456.01, 457.07
455.68, 331.39
455.86, 193.93
455.68, 158.21
455.51, -0.92467
456.46, 371.07
456.14, 328.36
456.28, 197.72
455.72, 195.49
456.69, 325.39
456.79, 160.08
456.74, 112.86
457.66, 457.08
457.24, 322.71
457.17, -0.92273
458.12, 371.07
457.79, 320.48
457.70, 318.30
457.90, 161.71
458.34, 316.91
458.34, 315.12
458.61, 313.44
457.95, 206.80
458.40, 112.86
459.32, 457.08
458.89, 311.55
459.16, 309.77
458.78, 213.20
458.50, 210.97
459.01, 163.85
458.83, -0.92079
459.78, 371.07
459.44, 307.98
459.57, 305.60
459.06, 216.92
459.06, 215.13
459.02, 175.85
459.02, 174.36
459.56, 165.73
459.99, 303.82
459.99, 302.03
460.26, 300.05
460.26, 298.66
459.90, 225.25
459.62, 222.87
459.62, 220.49
460.06, 112.86
460.98, 457.08
460.18, 229.42
460.18, 227.63
460.67, 167.82
460.49, -0.91885
461.44, 371.08
461.35, 283.73
461.35, 281.60
461.34, 279.81
461.34, 278.03
461.34, 276.24
461.34, 274.46
461.34, 272.67
461.47, 270.34
461.33, 268.31
461.33, 265.88
461.46, 259.63
461.46, 256.05
461.04, 254.57
460.75, 238.35
460.74, 236.56
460.74, 234.78
460.74, 232.40
461.88, 263.20
461.88, 261.56
461.87, 257.99
461.87, 252.73
461.30, 243.11
461.30, 241.32
461.30, 239.84
461.78, 170.20
461.72, 112.76
462.64, 457.08
462.59, 285.07
462.42, 250.85
462.42, 249.06
462.15, -0.91691
463.10, 371.08
463.01, 284.03
462.45, 277.04
462.44, 274.06
462.44, 272.28
462.44, 270.49
462.44, 268.70
462.44, 266.92
462.43, 265.13
462.43, 259.78
462.42, 255.61
462.97, 247.28
463.00, 172.28
463.58, 174.37
463.38, 112.86
464.30, 457.08
464.23, 284.90
463.80, 245.20
464.07, 243.11
463.80, -0.91497
464.76, 371.08
464.25, 240.73
464.55, 176.30
464.99, 238.75
465.03, 236.42
465.11, 178.64
465.03, 112.97
465.96, 457.09
465.77, 284.78
465.72, 233.74
465.80, 180.55
465.46, -0.91302
466.42, 371.08
465.99, 231.21
466.27, 229.53
466.36, 182.78
466.54, 227.64
466.68, 225.41
466.77, 185.08
466.69, 113.07
467.62, 457.09
467.43, 284.78
467.09, 223.77
467.37, 221.89
467.23, 219.90
467.33, 187.32
467.12, -0.91108
468.08, 371.08
467.64, 218.12
467.64, 216.33
467.77, 214.25
468.00, 191.93
467.88, 189.65
468.19, 212.91
468.56, 197.88
468.44, 195.70
467.89, 194.31
468.35, 113.07
469.28, 457.09
468.96, 284.78
468.78, -0.90914
469.46, 370.94
469.83, 198.63
469.46, 112.77
470.39, 456.79
470.75, 284.39
470.44, -0.90720
472.10, -0.90526
473.76, -0.90332
475.42, -0.90138
477.08, -0.89944
478.74, -0.89750
480.40, -0.89556
482.06, -0.89362
483.72, -0.89168
485.38, -0.88973
487.04, -0.88779
487.62, 25.896
488.70, -0.88585
489.28, 26.394
490.36, -0.88391
490.94, 27.190
492.01, -0.88197
492.60, 28.581
493.67, -0.88003
494.26, 30.467
495.09, 32.155
495.33, -0.87809
496.99, -0.87615
498.65, -0.87421
500.31, -0.87227
501.69, -0.87065
